Driver,Team,Composite,Win%,Podium%,Top6%
Russell,Mercedes,97.02,47.4,87.8,94.1
Antonelli,Mercedes,94.99,34.9,84.4,93.7
Hamilton,Ferrari,89.14,9.5,60.1,93.0
Leclerc,Ferrari,88.9,8.1,59.4,93.1
Norris,McLaren,74.8,0.1,3.7,71.2
Verstappen,Red Bull,66.31,0.0,0.1,16.0
Hadjar,Red Bull,57.82,0.0,0.0,0.5
Piastri,McLaren,68.94,0.0,0.6,38.7
Alonso,Aston Martin,42.05,0.0,0.0,0.0
Stroll,Aston Martin,40.11,0.0,0.0,0.0
Gasly,Alpine,63.39,0.0,0.1,5.2
Colapinto,Alpine,56.92,0.0,0.0,0.2
Bearman,Haas,75.03,0.0,3.2,59.0
Ocon,Haas,65.59,0.0,0.1,9.6
Lawson,Racing Bulls,69.33,0.0,0.6,25.5
Lindblad,Racing Bulls,51.74,0.0,0.0,0.0
Hulkenberg,Audi,44.67,0.0,0.0,0.0
Bortoleto,Audi,55.41,0.0,0.0,0.1
Sainz,Williams,55.19,0.0,0.0,0.1
Albon,Williams,48.32,0.0,0.0,0.0
Perez,Cadillac,38.41,0.0,0.0,0.0
Bottas,Cadillac,37.23,0.0,0.0,0.0
